time_hms,kb_per_sec_in,kb_per_sec_out
19:36:11,0.0,0.0
19:36:12,0.0,0.4
19:36:13,0.0,0.0
19:36:14,0.0,0.0
19:36:15,0.0,0.0
19:36:16,0.0,0.2
19:36:17,0.1,0.1
19:36:18,0.0,0.0
19:36:19,0.0,0.0
19:36:20,0.0,0.4
19:36:21,0.0,0.0
19:36:22,0.0,0.0
19:36:23,0.0,0.0
19:36:24,0.0,0.0
19:36:25,0.0,0.0
19:36:26,0.0,0.0
19:36:27,0.0,0.0
19:36:28,0.0,0.0
19:36:29,0.0,0.0
19:36:30,0.0,0.1
19:36:31,0.0,0.1
19:36:32,0.0,0.0
19:36:33,0.0,0.0
19:36:34,0.0,0.0
19:36:35,0.1,0.1
19:36:36,0.0,0.4
19:36:37,0.0,0.0
19:36:38,0.0,0.0
19:36:39,0.0,0.0
19:36:40,0.0,0.0
19:36:41,7.9,286.0
19:36:42,10.2,447.8
19:36:43,9.7,431.5
19:36:44,9.7,429.9
19:36:45,10.4,456.7
19:36:46,9.9,434.4
19:36:47,10.3,456.6
19:36:48,10.8,475.7
19:36:49,10.8,472.8
19:36:50,16.2,719.6
19:36:51,12.2,537.8
19:36:52,16.7,737.3
19:36:53,11.8,522.8
19:36:54,16.9,749.2
19:36:55,12.1,535.0
19:36:56,17.4,769.7
19:36:57,10.4,459.6
19:36:58,17.8,787.5
19:36:59,10.2,455.3
19:37:00,18.1,801.0
19:37:01,9.8,433.0
19:37:02,18.2,806.8
19:37:03,13.4,592.6
19:37:04,18.9,833.3
19:37:05,11.1,495.0
19:37:06,19.3,852.5
19:37:07,10.5,465.5
19:37:08,19.3,854.6
19:37:09,10.1,447.6
19:37:10,18.9,833.6
19:37:11,10.4,459.6
19:37:12,18.1,799.3
19:37:13,10.8,477.3
19:37:14,18.0,795.1
19:37:15,11.1,490.7
19:37:16,17.1,756.4
19:37:17,12.3,545.0
19:37:18,19.3,853.9
19:37:19,12.1,536.4
19:37:20,19.3,854.2
19:37:21,12.2,540.8
19:37:22,16.9,746.3
19:37:23,12.6,555.5
19:37:24,16.5,731.5
19:37:25,12.9,571.8
19:37:26,15.1,669.2
19:37:27,13.2,583.7
19:37:28,10.2,450.8
19:37:29,10.0,444.8
19:37:30,15.1,670.8
19:37:31,14.1,622.3
19:37:32,15.1,668.1
19:37:33,14.4,636.7
19:37:34,15.3,678.1
19:37:35,14.7,650.1
19:37:36,14.0,622.1
19:37:37,16.2,718.2
19:37:38,15.9,703.2
19:37:39,15.4,682.8
19:37:40,14.8,656.2
19:37:41,15.9,701.9
19:37:42,12.6,558.6
19:37:43,16.2,715.2
19:37:44,13.3,586.7
19:37:45,16.5,729.7
19:37:46,13.1,582.3
19:37:47,16.9,746.3
19:37:48,12.4,546.8
19:37:49,17.3,763.9
19:37:50,11.7,519.9
19:37:51,17.6,778.7
19:37:52,11.0,486.2
19:37:53,18.0,795.0
19:37:54,10.6,468.4
19:37:55,18.3,811.3
19:37:56,10.2,450.7
19:37:57,18.7,824.5
19:37:58,9.8,433.0
19:37:59,18.8,833.5
19:38:00,9.8,433.0
19:38:01,18.7,827.6
19:38:02,16.0,706.5
19:38:03,19.3,854.0
19:38:04,15.3,675.4
19:38:05,19.3,855.2
19:38:06,10.5,465.5
19:38:07,18.2,802.5
19:38:08,10.8,478.7
19:38:09,17.2,760.9
19:38:10,11.1,492.1
19:38:11,18.0,795.0
19:38:12,11.5,508.8
19:38:13,17.5,775.9
19:38:14,11.9,526.1
19:38:15,17.3,763.8
19:38:16,12.3,543.7
19:38:17,16.4,722.6
19:38:18,12.6,557.1
19:38:19,15.3,676.8
19:38:20,12.9,573.3
19:38:21,14.4,637.1
19:38:22,13.3,586.7
19:38:23,18.9,834.8
19:38:24,13.6,601.4
19:38:25,16.9,746.3
19:38:26,13.9,616.2
19:38:27,15.0,663.3
19:38:28,14.3,633.9
19:38:29,17.1,756.4
19:38:30,14.7,649.9
19:38:31,13.4,592.5
19:38:32,15.0,664.8
19:38:33,12.6,555.5
19:38:34,15.3,677.0
19:38:35,12.7,560.0
19:38:36,15.8,697.3
19:38:37,13.4,592.6
19:38:38,16.0,710.6
19:38:39,13.2,583.5
19:38:40,16.4,723.9
19:38:41,12.9,573.2
19:38:42,16.7,737.2
19:38:43,12.5,554.2
19:38:44,17.1,756.5
19:38:45,12.0,530.5
19:38:46,17.5,772.9
19:38:47,11.1,491.9
19:38:48,17.8,786.1
19:38:49,9.7,431.5
19:38:50,17.3,765.3
19:38:51,10.3,456.6
19:38:52,18.5,818.7
19:38:53,10.0,440.2
19:38:54,18.7,830.6
19:38:55,10.2,453.7
19:38:56,19.3,851.3
19:38:57,9.7,430.1
19:38:58,18.1,800.9
19:38:59,10.0,446.2
19:39:00,18.0,797.8
19:39:01,10.4,456.6
19:39:02,17.3,765.5
19:39:03,12.6,556.9
19:39:04,19.3,854.2
19:39:05,11.2,490.3
19:39:06,18.9,839.3
19:39:07,11.4,503.9
19:39:08,18.4,814.1
19:39:09,11.7,520.3
19:39:10,17.2,759.7
19:39:11,7.2,269.9
19:39:12,0.0,0.0
19:39:13,0.0,0.0
19:39:14,0.0,0.0
19:39:15,0.0,0.0
19:39:16,0.0,0.0
19:39:17,0.0,0.0
19:39:18,0.0,0.0
19:39:19,0.0,0.0
19:39:20,0.0,0.0
19:39:21,0.0,0.0
19:39:22,0.0,0.0
19:39:23,0.0,0.0
19:39:24,0.0,0.0
19:39:25,0.0,0.0
19:39:26,0.0,0.0
19:39:27,0.0,0.0
19:39:28,0.0,0.0
19:39:29,0.0,0.0
19:39:30,0.0,0.0
